subject_id,chunk,gender,age,height,weight,chest,waist,hip,s3_csv_key,age_group,height_bin,weight_bin,body_type,age_cohort
M215,TS_M209toM308,M,23,175.1,69.0,93.9,78.3,94.6,20.한국인_전신_형상_및_치수_측정_데이터/01.데이터/1.Training/원천데이터/TS_M209toM308/M215/csv/M215.csv,20대,Tall,Heavy,Tall_Heavy,Young
M156,TS_M109toM208,M,29,172.2,66.0,87.4,78.5,89.5,20.한국인_전신_형상_및_치수_측정_데이터/01.데이터/1.Training/원천데이터/TS_M109toM208/M156/csv/M156.csv,20대,Tall,Normal,Tall_Normal,Young
M023,TS_M009toM108,M,28,172.8,56.3,83.0,70.1,86.6,20.한국인_전신_형상_및_치수_측정_데이터/01.데이터/1.Training/원천데이터/TS_M009toM108/M023/csv/M023.csv,20대,Tall,Light,Tall_Light,Young
M302,TS_M209toM308,M,24,167.3,88.5,108.0,99.5,105.1,20.한국인_전신_형상_및_치수_측정_데이터/01.데이터/1.Training/원천데이터/TS_M209toM308/M302/csv/M302.csv,20대,Medium,Heavy,Medium_Heavy,Young
M050,TS_M009toM108,M,23,165.7,59.7,87.6,74.1,89.1,20.한국인_전신_형상_및_치수_측정_데이터/01.데이터/1.Training/원천데이터/TS_M009toM108/M050/csv/M050.csv,20대,Medium,Normal,Medium_Normal,Young
M151,TS_M109toM208,M,38,172.9,71.7,93.7,83.2,93.1,20.한국인_전신_형상_및_치수_측정_데이터/01.데이터/1.Training/원천데이터/TS_M109toM208/M151/csv/M151.csv,30대,Tall,Heavy,Tall_Heavy,Young
M189,TS_M109toM208,M,25,179.5,66.4,89.2,71.3,93.5,20.한국인_전신_형상_및_치수_측정_데이터/01.데이터/1.Training/원천데이터/TS_M109toM208/M189/csv/M189.csv,20대,Tall,Normal,Tall_Normal,Young
M043,TS_M009toM108,M,27,180.9,57.3,80.6,68.9,85.0,20.한국인_전신_형상_및_치수_측정_데이터/01.데이터/1.Training/원천데이터/TS_M009toM108/M043/csv/M043.csv,20대,Tall,Light,Tall_Light,Young
M034,TS_M009toM108,M,22,165.0,73.1,94.5,84.0,97.5,20.한국인_전신_형상_및_치수_측정_데이터/01.데이터/1.Training/원천데이터/TS_M009toM108/M034/csv/M034.csv,20대,Medium,Heavy,Medium_Heavy,Young
M060,TS_M009toM108,M,31,169.0,65.2,88.7,78.0,94.0,20.한국인_전신_형상_및_치수_측정_데이터/01.데이터/1.Training/원천데이터/TS_M009toM108/M060/csv/M060.csv,30대,Medium,Normal,Medium_Normal,Young
M356,TS_M309toM408,M,35,179.3,81.7,95.6,83.7,98.4,20.한국인_전신_형상_및_치수_측정_데이터/01.데이터/1.Training/원천데이터/TS_M309toM408/M356/csv/M356.csv,30대,Tall,Heavy,Tall_Heavy,Young
M292,TS_M209toM308,M,30,177.8,64.8,84.8,75.2,85.5,20.한국인_전신_형상_및_치수_측정_데이터/01.데이터/1.Training/원천데이터/TS_M209toM308/M292/csv/M292.csv,30대,Tall,Normal,Tall_Normal,Young
M470,TS_M409toM505,M,26,170.5,56.0,84.3,69.7,83.2,20.한국인_전신_형상_및_치수_측정_데이터/01.데이터/1.Training/원천데이터/TS_M409toM505/M470/csv/M470.csv,20대,Tall,Light,Tall_Light,Young
M226,TS_M209toM308,M,27,163.5,77.1,102.7,87.2,96.5,20.한국인_전신_형상_및_치수_측정_데이터/01.데이터/1.Training/원천데이터/TS_M209toM308/M226/csv/M226.csv,20대,Medium,Heavy,Medium_Heavy,Young
M138,TS_M109toM208,M,24,168.4,58.8,85.6,70.7,85.5,20.한국인_전신_형상_및_치수_측정_데이터/01.데이터/1.Training/원천데이터/TS_M109toM208/M138/csv/M138.csv,20대,Medium,Normal,Medium_Normal,Young
M058,TS_M009toM108,M,22,174.5,75.0,95.2,83.9,97.5,20.한국인_전신_형상_및_치수_측정_데이터/01.데이터/1.Training/원천데이터/TS_M009toM108/M058/csv/M058.csv,20대,Tall,Heavy,Tall_Heavy,Young
M290,TS_M209toM308,M,30,174.6,61.4,83.3,71.9,87.4,20.한국인_전신_형상_및_치수_측정_데이터/01.데이터/1.Training/원천데이터/TS_M209toM308/M290/csv/M290.csv,30대,Tall,Normal,Tall_Normal,Young
M077,TS_M009toM108,M,30,174.1,56.9,83.8,71.0,86.4,20.한국인_전신_형상_및_치수_측정_데이터/01.데이터/1.Training/원천데이터/TS_M009toM108/M077/csv/M077.csv,30대,Tall,Light,Tall_Light,Young
M025,TS_M009toM108,M,34,165.8,85.5,98.3,98.2,104.6,20.한국인_전신_형상_및_치수_측정_데이터/01.데이터/1.Training/원천데이터/TS_M009toM108/M025/csv/M025.csv,30대,Medium,Heavy,Medium_Heavy,Young
M279,TS_M209toM308,M,39,168.7,63.7,85.3,74.6,92.4,20.한국인_전신_형상_및_치수_측정_데이터/01.데이터/1.Training/원천데이터/TS_M209toM308/M279/csv/M279.csv,30대,Medium,Normal,Medium_Normal,Young
M412,TS_M409toM505,M,32,176.8,77.6,95.8,83.7,99.5,20.한국인_전신_형상_및_치수_측정_데이터/01.데이터/1.Training/원천데이터/TS_M409toM505/M412/csv/M412.csv,30대,Tall,Heavy,Tall_Heavy,Young
M083,TS_M009toM108,M,31,169.7,64.5,89.3,73.2,90.0,20.한국인_전신_형상_및_치수_측정_데이터/01.데이터/1.Training/원천데이터/TS_M009toM108/M083/csv/M083.csv,30대,Tall,Normal,Tall_Normal,Young
M099,TS_M009toM108,M,20,175.6,53.4,81.3,61.3,85.0,20.한국인_전신_형상_및_치수_측정_데이터/01.데이터/1.Training/원천데이터/TS_M009toM108/M099/csv/M099.csv,20대,Tall,Light,Tall_Light,Young
M468,TS_M409toM505,M,27,168.8,80.9,100.7,98.0,102.9,20.한국인_전신_형상_및_치수_측정_데이터/01.데이터/1.Training/원천데이터/TS_M409toM505/M468/csv/M468.csv,20대,Medium,Heavy,Medium_Heavy,Young
M284,TS_M209toM308,M,30,164.3,62.6,89.9,76.0,88.0,20.한국인_전신_형상_및_치수_측정_데이터/01.데이터/1.Training/원천데이터/TS_M209toM308/M284/csv/M284.csv,30대,Medium,Normal,Medium_Normal,Young
M295,TS_M209toM308,M,36,177.8,74.8,93.5,79.3,94.8,20.한국인_전신_형상_및_치수_측정_데이터/01.데이터/1.Training/원천데이터/TS_M209toM308/M295/csv/M295.csv,30대,Tall,Heavy,Tall_Heavy,Young
M270,TS_M209toM308,M,24,175.1,68.4,92.7,73.3,92.6,20.한국인_전신_형상_및_치수_측정_데이터/01.데이터/1.Training/원천데이터/TS_M209toM308/M270/csv/M270.csv,20대,Tall,Normal,Tall_Normal,Young
M086,TS_M009toM108,M,27,176.7,55.8,85.9,61.7,85.3,20.한국인_전신_형상_및_치수_측정_데이터/01.데이터/1.Training/원천데이터/TS_M009toM108/M086/csv/M086.csv,20대,Tall,Light,Tall_Light,Young
M057,TS_M009toM108,M,23,169.0,75.0,97.0,80.3,98.0,20.한국인_전신_형상_및_치수_측정_데이터/01.데이터/1.Training/원천데이터/TS_M009toM108/M057/csv/M057.csv,20대,Medium,Heavy,Medium_Heavy,Young
M231,TS_M209toM308,M,27,168.3,62.1,81.5,76.4,90.3,20.한국인_전신_형상_및_치수_측정_데이터/01.데이터/1.Training/원천데이터/TS_M209toM308/M231/csv/M231.csv,20대,Medium,Normal,Medium_Normal,Young
M216,TS_M209toM308,M,37,177.0,85.1,96.7,91.0,101.2,20.한국인_전신_형상_및_치수_측정_데이터/01.데이터/1.Training/원천데이터/TS_M209toM308/M216/csv/M216.csv,30대,Tall,Heavy,Tall_Heavy,Young
M221,TS_M209toM308,M,30,170.5,58.6,82.2,71.0,87.3,20.한국인_전신_형상_및_치수_측정_데이터/01.데이터/1.Training/원천데이터/TS_M209toM308/M221/csv/M221.csv,30대,Tall,Normal,Tall_Normal,Young
M225,TS_M209toM308,M,27,168.5,71.2,95.4,79.7,96.0,20.한국인_전신_형상_및_치수_측정_데이터/01.데이터/1.Training/원천데이터/TS_M209toM308/M225/csv/M225.csv,20대,Medium,Heavy,Medium_Heavy,Young
M178,TS_M109toM208,M,22,168.5,59.5,84.0,68.3,87.0,20.한국인_전신_형상_및_치수_측정_데이터/01.데이터/1.Training/원천데이터/TS_M109toM208/M178/csv/M178.csv,20대,Medium,Normal,Medium_Normal,Young
M158,TS_M109toM208,M,38,177.9,77.8,57.3,86.2,95.3,20.한국인_전신_형상_및_치수_측정_데이터/01.데이터/1.Training/원천데이터/TS_M109toM208/M158/csv/M158.csv,30대,Tall,Heavy,Tall_Heavy,Young
M093,TS_M009toM108,M,33,170.6,63.6,91.1,81.0,87.5,20.한국인_전신_형상_및_치수_측정_데이터/01.데이터/1.Training/원천데이터/TS_M009toM108/M093/csv/M093.csv,30대,Tall,Normal,Tall_Normal,Young
M088,TS_M009toM108,M,34,163.1,74.0,98.6,89.0,97.4,20.한국인_전신_형상_및_치수_측정_데이터/01.데이터/1.Training/원천데이터/TS_M009toM108/M088/csv/M088.csv,30대,Medium,Heavy,Medium_Heavy,Young
M184,TS_M109toM208,M,35,167.7,68.8,103.7,76.0,89.8,20.한국인_전신_형상_및_치수_측정_데이터/01.데이터/1.Training/원천데이터/TS_M109toM208/M184/csv/M184.csv,30대,Medium,Normal,Medium_Normal,Young
M030,TS_M009toM108,M,30,170.8,76.9,96.1,82.6,99.0,20.한국인_전신_형상_및_치수_측정_데이터/01.데이터/1.Training/원천데이터/TS_M009toM108/M030/csv/M030.csv,30대,Tall,Heavy,Tall_Heavy,Young
M369,TS_M309toM408,M,36,174.3,63.8,88.9,76.1,91.0,20.한국인_전신_형상_및_치수_측정_데이터/01.데이터/1.Training/원천데이터/TS_M309toM408/M369/csv/M369.csv,30대,Tall,Normal,Tall_Normal,Young
M242,TS_M209toM308,M,34,167.6,74.0,93.6,87.6,94.6,20.한국인_전신_형상_및_치수_측정_데이터/01.데이터/1.Training/원천데이터/TS_M209toM308/M242/csv/M242.csv,30대,Medium,Heavy,Medium_Heavy,Young
M064,TS_M009toM108,M,38,165.7,64.1,86.0,78.9,91.4,20.한국인_전신_형상_및_치수_측정_데이터/01.데이터/1.Training/원천데이터/TS_M009toM108/M064/csv/M064.csv,30대,Medium,Normal,Medium_Normal,Young
M012,TS_M009toM108,M,26,177.9,78.4,92.3,82.1,100.4,20.한국인_전신_형상_및_치수_측정_데이터/01.데이터/1.Training/원천데이터/TS_M009toM108/M012/csv/M012.csv,20대,Tall,Heavy,Tall_Heavy,Young
M084,TS_M009toM108,M,21,173.3,62.2,89.4,70.7,91.0,20.한국인_전신_형상_및_치수_측정_데이터/01.데이터/1.Training/원천데이터/TS_M009toM108/M084/csv/M084.csv,20대,Tall,Normal,Tall_Normal,Young
M336,TS_M309toM408,M,27,164.7,62.5,86.3,76.1,91.0,20.한국인_전신_형상_및_치수_측정_데이터/01.데이터/1.Training/원천데이터/TS_M309toM408/M336/csv/M336.csv,20대,Medium,Normal,Medium_Normal,Young
M116,TS_M109toM208,M,29,172.6,73.8,95.5,85.8,95.8,20.한국인_전신_형상_및_치수_측정_데이터/01.데이터/1.Training/원천데이터/TS_M109toM208/M116/csv/M116.csv,20대,Tall,Heavy,Tall_Heavy,Young
M018,TS_M009toM108,M,31,174.6,68.7,84.1,79.7,95.8,20.한국인_전신_형상_및_치수_측정_데이터/01.데이터/1.Training/원천데이터/TS_M009toM108/M018/csv/M018.csv,30대,Tall,Normal,Tall_Normal,Young
M119,TS_M109toM208,M,30,165.6,68.4,98.1,73.1,92.0,20.한국인_전신_형상_및_치수_측정_데이터/01.데이터/1.Training/원천데이터/TS_M109toM208/M119/csv/M119.csv,30대,Medium,Normal,Medium_Normal,Young
M272,TS_M209toM308,M,27,179.0,73.1,89.6,81.9,99.9,20.한국인_전신_형상_및_치수_측정_데이터/01.데이터/1.Training/원천데이터/TS_M209toM308/M272/csv/M272.csv,20대,Tall,Heavy,Tall_Heavy,Young
M044,TS_M009toM108,M,24,170.0,58.1,83.8,71.5,88.0,20.한국인_전신_형상_및_치수_측정_데이터/01.데이터/1.Training/원천데이터/TS_M009toM108/M044/csv/M044.csv,20대,Tall,Normal,Tall_Normal,Young
M181,TS_M109toM208,M,35,165.4,60.5,85.0,74.2,86.9,20.한국인_전신_형상_및_치수_측정_데이터/01.데이터/1.Training/원천데이터/TS_M109toM208/M181/csv/M181.csv,30대,Medium,Normal,Medium_Normal,Young
M176,TS_M109toM208,M,22,171.2,76.5,97.8,76.9,96.5,20.한국인_전신_형상_및_치수_측정_데이터/01.데이터/1.Training/원천데이터/TS_M109toM208/M176/csv/M176.csv,20대,Tall,Heavy,Tall_Heavy,Young
M168,TS_M109toM208,M,28,176.2,67.5,93.0,74.4,92.5,20.한국인_전신_형상_및_치수_측정_데이터/01.데이터/1.Training/원천데이터/TS_M109toM208/M168/csv/M168.csv,20대,Tall,Normal,Tall_Normal,Young
M187,TS_M109toM208,M,23,165.0,57.6,82.8,70.1,88.4,20.한국인_전신_형상_및_치수_측정_데이터/01.데이터/1.Training/원천데이터/TS_M109toM208/M187/csv/M187.csv,20대,Medium,Normal,Medium_Normal,Young
M090,TS_M009toM108,M,22,178.5,85.6,99.2,91.0,99.0,20.한국인_전신_형상_및_치수_측정_데이터/01.데이터/1.Training/원천데이터/TS_M009toM108/M090/csv/M090.csv,20대,Tall,Heavy,Tall_Heavy,Young
M173,TS_M109toM208,M,35,172.3,62.6,86.1,78.5,89.3,20.한국인_전신_형상_및_치수_측정_데이터/01.데이터/1.Training/원천데이터/TS_M109toM208/M173/csv/M173.csv,30대,Tall,Normal,Tall_Normal,Young
M265,TS_M209toM308,M,29,168.2,60.1,85.5,72.8,84.3,20.한국인_전신_형상_및_치수_측정_데이터/01.데이터/1.Training/원천데이터/TS_M209toM308/M265/csv/M265.csv,20대,Medium,Normal,Medium_Normal,Young
M170,TS_M109toM208,M,30,174.8,70.2,93.6,78.2,90.8,20.한국인_전신_형상_및_치수_측정_데이터/01.데이터/1.Training/원천데이터/TS_M109toM208/M170/csv/M170.csv,30대,Tall,Heavy,Tall_Heavy,Young
M071,TS_M009toM108,M,27,172.7,67.3,90.5,73.3,92.2,20.한국인_전신_형상_및_치수_측정_데이터/01.데이터/1.Training/원천데이터/TS_M009toM108/M071/csv/M071.csv,20대,Tall,Normal,Tall_Normal,Young
M094,TS_M009toM108,M,23,168.1,68.4,95.2,82.9,92.8,20.한국인_전신_형상_및_치수_측정_데이터/01.데이터/1.Training/원천데이터/TS_M009toM108/M094/csv/M094.csv,20대,Medium,Normal,Medium_Normal,Young
M211,TS_M209toM308,M,43,178.9,68.1,88.1,77.4,92.0,20.한국인_전신_형상_및_치수_측정_데이터/01.데이터/1.Training/원천데이터/TS_M209toM308/M211/csv/M211.csv,40대,Tall,Normal,Tall_Normal,Senior
M346,TS_M309toM408,M,66,171.1,83.4,102.1,97.2,100.2,20.한국인_전신_형상_및_치수_측정_데이터/01.데이터/1.Training/원천데이터/TS_M309toM408/M346/csv/M346.csv,60대이상,Tall,Heavy,Tall_Heavy,Senior
M019,TS_M009toM108,M,58,165.9,65.4,91.1,82.2,90.6,20.한국인_전신_형상_및_치수_측정_데이터/01.데이터/1.Training/원천데이터/TS_M009toM108/M019/csv/M019.csv,50대,Medium,Normal,Medium_Normal,Senior
M143,TS_M109toM208,M,59,169.5,55.7,84.2,72.6,83.8,20.한국인_전신_형상_및_치수_측정_데이터/01.데이터/1.Training/원천데이터/TS_M109toM208/M143/csv/M143.csv,50대,Tall,Light,Tall_Light,Senior
M406,TS_M309toM408,M,59,162.3,74.4,97.3,95.1,94.1,20.한국인_전신_형상_및_치수_측정_데이터/01.데이터/1.Training/원천데이터/TS_M309toM408/M406/csv/M406.csv,50대,Medium,Heavy,Medium_Heavy,Senior
M456,TS_M409toM505,M,75,161.8,54.6,84.2,79.0,88.2,20.한국인_전신_형상_및_치수_측정_데이터/01.데이터/1.Training/원천데이터/TS_M409toM505/M456/csv/M456.csv,60대이상,Medium,Light,Medium_Light,Senior
M046,TS_M009toM108,M,46,160.4,69.6,95.6,87.5,97.6,20.한국인_전신_형상_및_치수_측정_데이터/01.데이터/1.Training/원천데이터/TS_M009toM108/M046/csv/M046.csv,40대,Short,Heavy,Short_Heavy,Senior
M481,TS_M409toM505,M,76,159.9,64.3,97.2,91.3,92.2,20.한국인_전신_형상_및_치수_측정_데이터/01.데이터/1.Training/원천데이터/TS_M409toM505/M481/csv/M481.csv,60대이상,Short,Normal,Short_Normal,Senior
M454,TS_M409toM505,M,73,159.9,54.0,79.8,71.7,85.7,20.한국인_전신_형상_및_치수_측정_데이터/01.데이터/1.Training/원천데이터/TS_M409toM505/M454/csv/M454.csv,60대이상,Short,Light,Short_Light,Senior
M407,TS_M309toM408,M,43,171.2,68.1,93.2,78.1,92.8,20.한국인_전신_형상_및_치수_측정_데이터/01.데이터/1.Training/원천데이터/TS_M309toM408/M407/csv/M407.csv,40대,Tall,Normal,Tall_Normal,Senior
M133,TS_M109toM208,M,46,175.4,76.8,88.9,83.5,95.5,20.한국인_전신_형상_및_치수_측정_데이터/01.데이터/1.Training/원천데이터/TS_M109toM208/M133/csv/M133.csv,40대,Tall,Heavy,Tall_Heavy,Senior
M072,TS_M009toM108,M,65,164.3,66.2,88.8,83.5,92.6,20.한국인_전신_형상_및_치수_측정_데이터/01.데이터/1.Training/원천데이터/TS_M009toM108/M072/csv/M072.csv,60대이상,Medium,Normal,Medium_Normal,Senior
M300,TS_M209toM308,M,63,170.4,56.9,83.5,69.9,85.5,20.한국인_전신_형상_및_치수_측정_데이터/01.데이터/1.Training/원천데이터/TS_M209toM308/M300/csv/M300.csv,60대이상,Tall,Light,Tall_Light,Senior
M164,TS_M109toM208,M,44,166.7,72.9,95.0,91.5,92.5,20.한국인_전신_형상_및_치수_측정_데이터/01.데이터/1.Training/원천데이터/TS_M109toM208/M164/csv/M164.csv,40대,Medium,Heavy,Medium_Heavy,Senior
M035,TS_M009toM108,M,78,166.0,46.6,78.8,65.6,84.0,20.한국인_전신_형상_및_치수_측정_데이터/01.데이터/1.Training/원천데이터/TS_M009toM108/M035/csv/M035.csv,60대이상,Medium,Light,Medium_Light,Senior
M417,TS_M409toM505,M,75,154.7,59.0,88.2,85.7,89.6,20.한국인_전신_형상_및_치수_측정_데이터/01.데이터/1.Training/원천데이터/TS_M409toM505/M417/csv/M417.csv,60대이상,Short,Normal,Short_Normal,Senior
M385,TS_M309toM408,M,65,160.4,57.2,87.1,80.3,85.4,20.한국인_전신_형상_및_치수_측정_데이터/01.데이터/1.Training/원천데이터/TS_M309toM408/M385/csv/M385.csv,60대이상,Short,Light,Short_Light,Senior
M460,TS_M409toM505,M,73,175.2,65.6,92.7,81.8,92.3,20.한국인_전신_형상_및_치수_측정_데이터/01.데이터/1.Training/원천데이터/TS_M409toM505/M460/csv/M460.csv,60대이상,Tall,Normal,Tall_Normal,Senior
M472,TS_M409toM505,M,59,177.2,73.9,95.2,86.3,96.2,20.한국인_전신_형상_및_치수_측정_데이터/01.데이터/1.Training/원천데이터/TS_M409toM505/M472/csv/M472.csv,50대,Tall,Heavy,Tall_Heavy,Senior
M021,TS_M009toM108,M,72,169.3,56.4,85.6,82.7,87.3,20.한국인_전신_형상_및_치수_측정_데이터/01.데이터/1.Training/원천데이터/TS_M009toM108/M021/csv/M021.csv,60대이상,Tall,Light,Tall_Light,Senior
M076,TS_M009toM108,M,46,164.6,69.2,93.5,82.8,97.5,20.한국인_전신_형상_및_치수_측정_데이터/01.데이터/1.Training/원천데이터/TS_M009toM108/M076/csv/M076.csv,40대,Medium,Heavy,Medium_Heavy,Senior
M309,TS_M309toM408,M,58,165.5,57.1,82.4,74.7,88.9,20.한국인_전신_형상_및_치수_측정_데이터/01.데이터/1.Training/원천데이터/TS_M309toM408/M309/csv/M309.csv,50대,Medium,Light,Medium_Light,Senior
M465,TS_M409toM505,M,67,159.5,66.7,93.1,89.7,91.6,20.한국인_전신_형상_및_치수_측정_데이터/01.데이터/1.Training/원천데이터/TS_M409toM505/M465/csv/M465.csv,60대이상,Short,Normal,Short_Normal,Senior
M149,TS_M109toM208,M,49,173.6,57.6,79.5,70.3,86.7,20.한국인_전신_형상_및_치수_측정_데이터/01.데이터/1.Training/원천데이터/TS_M109toM208/M149/csv/M149.csv,40대,Tall,Normal,Tall_Normal,Senior
M332,TS_M309toM408,M,53,171.2,79.2,101.6,92.0,94.5,20.한국인_전신_형상_및_치수_측정_데이터/01.데이터/1.Training/원천데이터/TS_M309toM408/M332/csv/M332.csv,50대,Tall,Heavy,Tall_Heavy,Senior
M424,TS_M409toM505,M,66,167.3,65.5,95.3,85.6,89.5,20.한국인_전신_형상_및_치수_측정_데이터/01.데이터/1.Training/원천데이터/TS_M409toM505/M424/csv/M424.csv,60대이상,Medium,Normal,Medium_Normal,Senior
M163,TS_M109toM208,M,62,170.9,54.5,8.2,73.2,84.5,20.한국인_전신_형상_및_치수_측정_데이터/01.데이터/1.Training/원천데이터/TS_M109toM208/M163/csv/M163.csv,60대이상,Tall,Light,Tall_Light,Senior
M120,TS_M109toM208,M,69,165.2,76.4,97.4,99.8,97.6,20.한국인_전신_형상_및_치수_측정_데이터/01.데이터/1.Training/원천데이터/TS_M109toM208/M120/csv/M120.csv,60대이상,Medium,Heavy,Medium_Heavy,Senior
M036,TS_M009toM108,M,53,166.2,53.6,85.2,71.0,84.7,20.한국인_전신_형상_및_치수_측정_데이터/01.데이터/1.Training/원천데이터/TS_M009toM108/M036/csv/M036.csv,50대,Medium,Light,Medium_Light,Senior
M195,TS_M109toM208,M,53,158.0,60.2,88.7,77.8,87.5,20.한국인_전신_형상_및_치수_측정_데이터/01.데이터/1.Training/원천데이터/TS_M109toM208/M195/csv/M195.csv,50대,Short,Normal,Short_Normal,Senior
M419,TS_M409toM505,M,51,171.4,68.7,93.7,84.6,87.9,20.한국인_전신_형상_및_치수_측정_데이터/01.데이터/1.Training/원천데이터/TS_M409toM505/M419/csv/M419.csv,50대,Tall,Normal,Tall_Normal,Senior
M404,TS_M309toM408,M,44,174.7,83.7,101.8,91.2,101.2,20.한국인_전신_형상_및_치수_측정_데이터/01.데이터/1.Training/원천데이터/TS_M309toM408/M404/csv/M404.csv,40대,Tall,Heavy,Tall_Heavy,Senior
M160,TS_M109toM208,M,40,166.0,60.7,87.0,77.1,89.7,20.한국인_전신_형상_및_치수_측정_데이터/01.데이터/1.Training/원천데이터/TS_M109toM208/M160/csv/M160.csv,40대,Medium,Normal,Medium_Normal,Senior
M288,TS_M209toM308,M,55,167.4,74.6,100.3,88.0,96.4,20.한국인_전신_형상_및_치수_측정_데이터/01.데이터/1.Training/원천데이터/TS_M209toM308/M288/csv/M288.csv,50대,Medium,Heavy,Medium_Heavy,Senior
M463,TS_M409toM505,M,77,162.1,46.9,81.3,74.8,82.5,20.한국인_전신_형상_및_치수_측정_데이터/01.데이터/1.Training/원천데이터/TS_M409toM505/M463/csv/M463.csv,60대이상,Medium,Light,Medium_Light,Senior
M497,TS_M409toM505,M,75,157.4,63.9,90.3,87.0,95.6,20.한국인_전신_형상_및_치수_측정_데이터/01.데이터/1.Training/원천데이터/TS_M409toM505/M497/csv/M497.csv,60대이상,Short,Normal,Short_Normal,Senior
M095,TS_M009toM108,M,52,172.8,65.8,91.8,81.2,87.0,20.한국인_전신_형상_및_치수_측정_데이터/01.데이터/1.Training/원천데이터/TS_M009toM108/M095/csv/M095.csv,50대,Tall,Normal,Tall_Normal,Senior
M360,TS_M309toM408,M,56,172.8,105.6,113.4,116.5,109.5,20.한국인_전신_형상_및_치수_측정_데이터/01.데이터/1.Training/원천데이터/TS_M309toM408/M360/csv/M360.csv,50대,Tall,Heavy,Tall_Heavy,Senior
M476,TS_M409toM505,M,58,165.4,65.9,92.4,83.6,89.8,20.한국인_전신_형상_및_치수_측정_데이터/01.데이터/1.Training/원천데이터/TS_M409toM505/M476/csv/M476.csv,50대,Medium,Normal,Medium_Normal,Senior
F357,TS_F309toF408,F,29,164.2,55.1,81.5,67.9,89.6,20.한국인_전신_형상_및_치수_측정_데이터/01.데이터/1.Training/원천데이터/TS_F309toF408/F357/csv/F357.csv,20대,Medium,Light,Medium_Light,Young
F398,TS_F309toF408,F,21,155.4,52.1,88.4,71.0,89.6,20.한국인_전신_형상_및_치수_측정_데이터/01.데이터/1.Training/원천데이터/TS_F309toF408/F398/csv/F398.csv,20대,Short,Light,Short_Light,Young
F031,TS_F009toF108,F,39,167.4,59.0,90.6,75.6,95.5,20.한국인_전신_형상_및_치수_측정_데이터/01.데이터/1.Training/원천데이터/TS_F009toF108/F031/csv/F031.csv,30대,Medium,Normal,Medium_Normal,Young
F345,TS_F309toF408,F,36,169.7,60.0,88.0,71.0,94.4,20.한국인_전신_형상_및_치수_측정_데이터/01.데이터/1.Training/원천데이터/TS_F309toF408/F345/csv/F345.csv,30대,Tall,Normal,Tall_Normal,Young
F169,TS_F109toF208,F,28,157.0,70.3,100.2,86.8,104.0,20.한국인_전신_형상_및_치수_측정_데이터/01.데이터/1.Training/원천데이터/TS_F109toF208/F169/csv/F169.csv,20대,Short,Heavy,Short_Heavy,Young
F274,TS_F209toF308,F,34,169.6,53.7,78.0,69.5,91.5,20.한국인_전신_형상_및_치수_측정_데이터/01.데이터/1.Training/원천데이터/TS_F209toF308/F274/csv/F274.csv,30대,Tall,Light,Tall_Light,Young
F246,TS_F209toF308,F,29,159.6,59.9,92.3,75.5,98.4,20.한국인_전신_형상_및_치수_측정_데이터/01.데이터/1.Training/원천데이터/TS_F209toF308/F246/csv/F246.csv,20대,Short,Normal,Short_Normal,Young
F368,TS_F309toF408,F,32,155.0,50.9,81.7,66.8,89.5,20.한국인_전신_형상_및_치수_측정_데이터/01.데이터/1.Training/원천데이터/TS_F309toF408/F368/csv/F368.csv,30대,Short,Light,Short_Light,Young
F128,TS_F109toF208,F,38,169.3,60.8,82.8,73.5,96.7,20.한국인_전신_형상_및_치수_측정_데이터/01.데이터/1.Training/원천데이터/TS_F109toF208/F128/csv/F128.csv,30대,Tall,Normal,Tall_Normal,Young
F194,TS_F109toF208,F,39,170.4,54.0,82.8,71.0,91.8,20.한국인_전신_형상_및_치수_측정_데이터/01.데이터/1.Training/원천데이터/TS_F109toF208/F194/csv/F194.csv,30대,Tall,Light,Tall_Light,Young
F365,TS_F309toF408,F,39,158.7,63.0,90.9,78.4,100.0,20.한국인_전신_형상_및_치수_측정_데이터/01.데이터/1.Training/원천데이터/TS_F309toF408/F365/csv/F365.csv,30대,Short,Normal,Short_Normal,Young
F010,TS_F009toF108,F,33,167.1,52.3,86.1,65.7,92.2,20.한국인_전신_형상_및_치수_측정_데이터/01.데이터/1.Training/원천데이터/TS_F009toF108/F010/csv/F010.csv,30대,Medium,Light,Medium_Light,Young
F405,TS_F309toF408,F,26,158.2,54.5,89.0,68.7,94.6,20.한국인_전신_형상_및_치수_측정_데이터/01.데이터/1.Training/원천데이터/TS_F309toF408/F405/csv/F405.csv,20대,Short,Light,Short_Light,Young
F364,TS_F309toF408,F,32,161.7,59.5,85.5,73.7,95.4,20.한국인_전신_형상_및_치수_측정_데이터/01.데이터/1.Training/원천데이터/TS_F309toF408/F364/csv/F364.csv,30대,Medium,Normal,Medium_Normal,Young
F203,TS_F109toF208,F,30,160.3,59.6,92.2,79.4,94.0,20.한국인_전신_형상_및_치수_측정_데이터/01.데이터/1.Training/원천데이터/TS_F109toF208/F203/csv/F203.csv,30대,Short,Normal,Short_Normal,Young
F187,TS_F109toF208,F,32,154.3,50.4,86.4,65.9,91.7,20.한국인_전신_형상_및_치수_측정_데이터/01.데이터/1.Training/원천데이터/TS_F109toF208/F187/csv/F187.csv,30대,Short,Light,Short_Light,Young
F061,TS_F009toF108,F,29,166.7,60.2,88.8,73.7,97.0,20.한국인_전신_형상_및_치수_측정_데이터/01.데이터/1.Training/원천데이터/TS_F009toF108/F061/csv/F061.csv,20대,Medium,Normal,Medium_Normal,Young
F063,TS_F009toF108,F,37,164.5,54.5,85.6,71.7,93.0,20.한국인_전신_형상_및_치수_측정_데이터/01.데이터/1.Training/원천데이터/TS_F009toF108/F063/csv/F063.csv,30대,Medium,Light,Medium_Light,Young
F268,TS_F209toF308,F,25,157.6,53.5,82.5,67.5,94.3,20.한국인_전신_형상_및_치수_측정_데이터/01.데이터/1.Training/원천데이터/TS_F209toF308/F268/csv/F268.csv,20대,Short,Light,Short_Light,Young
F292,TS_F209toF308,F,29,167.5,62.4,91.3,72.7,98.3,20.한국인_전신_형상_및_치수_측정_데이터/01.데이터/1.Training/원천데이터/TS_F209toF308/F292/csv/F292.csv,20대,Medium,Normal,Medium_Normal,Young
F265,TS_F209toF308,F,35,159.8,65.5,91.0,78.8,100.8,20.한국인_전신_형상_및_치수_측정_데이터/01.데이터/1.Training/원천데이터/TS_F209toF308/F265/csv/F265.csv,30대,Short,Normal,Short_Normal,Young
F355,TS_F309toF408,F,28,167.8,53.0,79.8,69.2,92.0,20.한국인_전신_형상_및_치수_측정_데이터/01.데이터/1.Training/원천데이터/TS_F309toF408/F355/csv/F355.csv,20대,Medium,Light,Medium_Light,Young
F312,TS_F309toF408,F,24,158.2,51.4,84.5,67.0,87.6,20.한국인_전신_형상_및_치수_측정_데이터/01.데이터/1.Training/원천데이터/TS_F309toF408/F312/csv/F312.csv,20대,Short,Light,Short_Light,Young
F125,TS_F109toF208,F,21,167.3,59.3,92.1,68.0,97.1,20.한국인_전신_형상_및_치수_측정_데이터/01.데이터/1.Training/원천데이터/TS_F109toF208/F125/csv/F125.csv,20대,Medium,Normal,Medium_Normal,Young
F352,TS_F309toF408,F,20,160.2,58.9,92.8,75.0,92.1,20.한국인_전신_형상_및_치수_측정_데이터/01.데이터/1.Training/원천데이터/TS_F309toF408/F352/csv/F352.csv,20대,Short,Normal,Short_Normal,Young
F148,TS_F109toF208,F,27,162.3,49.8,85.0,67.0,89.3,20.한국인_전신_형상_및_치수_측정_데이터/01.데이터/1.Training/원천데이터/TS_F109toF208/F148/csv/F148.csv,20대,Medium,Light,Medium_Light,Young
F234,TS_F209toF308,F,22,152.2,47.0,79.6,62.8,91.0,20.한국인_전신_형상_및_치수_측정_데이터/01.데이터/1.Training/원천데이터/TS_F209toF308/F234/csv/F234.csv,20대,Short,Light,Short_Light,Young
F343,TS_F309toF408,F,33,162.5,62.8,91.9,79.2,94.6,20.한국인_전신_형상_및_치수_측정_데이터/01.데이터/1.Training/원천데이터/TS_F309toF408/F343/csv/F343.csv,30대,Medium,Normal,Medium_Normal,Young
F293,TS_F209toF308,F,32,154.8,57.5,88.3,75.8,93.4,20.한국인_전신_형상_및_치수_측정_데이터/01.데이터/1.Training/원천데이터/TS_F209toF308/F293/csv/F293.csv,30대,Short,Normal,Short_Normal,Young
F115,TS_F109toF208,F,34,161.4,56.8,89.1,69.2,95.0,20.한국인_전신_형상_및_치수_측정_데이터/01.데이터/1.Training/원천데이터/TS_F109toF208/F115/csv/F115.csv,30대,Medium,Light,Medium_Light,Young
F317,TS_F309toF408,F,26,156.0,55.1,88.0,73.0,94.7,20.한국인_전신_형상_및_치수_측정_데이터/01.데이터/1.Training/원천데이터/TS_F309toF408/F317/csv/F317.csv,20대,Short,Light,Short_Light,Young
F073,TS_F009toF108,F,26,161.7,59.7,80.1,71.0,96.0,20.한국인_전신_형상_및_치수_측정_데이터/01.데이터/1.Training/원천데이터/TS_F009toF108/F073/csv/F073.csv,20대,Medium,Normal,Medium_Normal,Young
F199,TS_F109toF208,F,39,161.4,46.7,78.4,65.9,89.5,20.한국인_전신_형상_및_치수_측정_데이터/01.데이터/1.Training/원천데이터/TS_F109toF208/F199/csv/F199.csv,30대,Medium,Light,Medium_Light,Young
F041,TS_F009toF108,F,35,156.9,51.3,83.7,66.0,94.6,20.한국인_전신_형상_및_치수_측정_데이터/01.데이터/1.Training/원천데이터/TS_F009toF108/F041/csv/F041.csv,30대,Short,Light,Short_Light,Young
F301,TS_F209toF308,F,37,155.6,55.9,87.6,71.9,90.9,20.한국인_전신_형상_및_치수_측정_데이터/01.데이터/1.Training/원천데이터/TS_F209toF308/F301/csv/F301.csv,30대,Short,Light,Short_Light,Young
F394,TS_F309toF408,F,33,162.9,57.6,83.6,70.6,95.5,20.한국인_전신_형상_및_치수_측정_데이터/01.데이터/1.Training/원천데이터/TS_F309toF408/F394/csv/F394.csv,30대,Medium,Normal,Medium_Normal,Young
F221,TS_F209toF308,F,24,161.2,48.6,82.0,67.0,89.6,20.한국인_전신_형상_및_치수_측정_데이터/01.데이터/1.Training/원천데이터/TS_F209toF308/F221/csv/F221.csv,20대,Medium,Light,Medium_Light,Young
F193,TS_F109toF208,F,24,158.9,49.1,79.5,65.3,86.4,20.한국인_전신_형상_및_치수_측정_데이터/01.데이터/1.Training/원천데이터/TS_F109toF208/F193/csv/F193.csv,20대,Short,Light,Short_Light,Young
F349,TS_F309toF408,F,30,166.5,58.5,86.4,69.6,92.6,20.한국인_전신_형상_및_치수_측정_데이터/01.데이터/1.Training/원천데이터/TS_F309toF408/F349/csv/F349.csv,30대,Medium,Normal,Medium_Normal,Young
F098,TS_F009toF108,F,20,169.0,46.7,76.0,59.5,86.5,20.한국인_전신_형상_및_치수_측정_데이터/01.데이터/1.Training/원천데이터/TS_F009toF108/F098/csv/F098.csv,20대,Medium,Light,Medium_Light,Young
F153,TS_F109toF208,F,39,158.1,45.3,78.5,66.2,85.3,20.한국인_전신_형상_및_치수_측정_데이터/01.데이터/1.Training/원천데이터/TS_F109toF208/F153/csv/F153.csv,30대,Short,Light,Short_Light,Young
F057,TS_F009toF108,F,35,161.6,65.0,90.0,78.4,105.4,20.한국인_전신_형상_및_치수_측정_데이터/01.데이터/1.Training/원천데이터/TS_F009toF108/F057/csv/F057.csv,30대,Medium,Normal,Medium_Normal,Young
F346,TS_F309toF408,F,38,165.2,56.9,77.8,66.0,94.9,20.한국인_전신_형상_및_치수_측정_데이터/01.데이터/1.Training/원천데이터/TS_F309toF408/F346/csv/F346.csv,30대,Medium,Light,Medium_Light,Young
F285,TS_F209toF308,F,23,164.6,63.0,94.0,76.6,96.7,20.한국인_전신_형상_및_치수_측정_데이터/01.데이터/1.Training/원천데이터/TS_F209toF308/F285/csv/F285.csv,20대,Medium,Normal,Medium_Normal,Young
F120,TS_F109toF208,F,27,160.7,52.5,87.6,68.0,88.6,20.한국인_전신_형상_및_치수_측정_데이터/01.데이터/1.Training/원천데이터/TS_F109toF208/F120/csv/F120.csv,20대,Medium,Light,Medium_Light,Young
F090,TS_F009toF108,F,34,157.2,49.6,85.0,66.8,90.0,20.한국인_전신_형상_및_치수_측정_데이터/01.데이터/1.Training/원천데이터/TS_F009toF108/F090/csv/F090.csv,30대,Short,Light,Short_Light,Young
F251,TS_F209toF308,F,38,164.4,49.0,80.5,63.0,87.5,20.한국인_전신_형상_및_치수_측정_데이터/01.데이터/1.Training/원천데이터/TS_F209toF308/F251/csv/F251.csv,30대,Medium,Light,Medium_Light,Young
F111,TS_F109toF208,F,37,164.1,59.3,88.5,74.4,95.9,20.한국인_전신_형상_및_치수_측정_데이터/01.데이터/1.Training/원천데이터/TS_F109toF208/F111/csv/F111.csv,30대,Medium,Normal,Medium_Normal,Young
F269,TS_F209toF308,F,25,162.5,52.4,79.8,60.6,88.9,20.한국인_전신_형상_및_치수_측정_데이터/01.데이터/1.Training/원천데이터/TS_F209toF308/F269/csv/F269.csv,20대,Medium,Light,Medium_Light,Young
F043,TS_F009toF108,F,23,153.6,49.8,84.3,68.9,88.0,20.한국인_전신_형상_및_치수_측정_데이터/01.데이터/1.Training/원천데이터/TS_F009toF108/F043/csv/F043.csv,20대,Short,Light,Short_Light,Young
F072,TS_F009toF108,F,49,154.9,55.2,89.7,75.0,93.6,20.한국인_전신_형상_및_치수_측정_데이터/01.데이터/1.Training/원천데이터/TS_F009toF108/F072/csv/F072.csv,40대,Short,Light,Short_Light,Senior
F374,TS_F309toF408,F,45,160.9,54.1,82.5,68.6,94.8,20.한국인_전신_형상_및_치수_측정_데이터/01.데이터/1.Training/원천데이터/TS_F309toF408/F374/csv/F374.csv,40대,Medium,Light,Medium_Light,Senior
F376,TS_F309toF408,F,53,166.1,70.1,97.0,83.5,98.5,20.한국인_전신_형상_및_치수_측정_데이터/01.데이터/1.Training/원천데이터/TS_F309toF408/F376/csv/F376.csv,50대,Medium,Heavy,Medium_Heavy,Senior
F233,TS_F209toF308,F,51,155.0,61.8,100.5,84.2,91.2,20.한국인_전신_형상_및_치수_측정_데이터/01.데이터/1.Training/원천데이터/TS_F209toF308/F233/csv/F233.csv,50대,Short,Normal,Short_Normal,Senior
F275,TS_F209toF308,F,43,148.6,74.7,102.5,95.0,106.2,20.한국인_전신_형상_및_치수_측정_데이터/01.데이터/1.Training/원천데이터/TS_F209toF308/F275/csv/F275.csv,40대,Short,Heavy,Short_Heavy,Senior
F051,TS_F009toF108,F,49,169.9,64.5,87.7,76.6,100.0,20.한국인_전신_형상_및_치수_측정_데이터/01.데이터/1.Training/원천데이터/TS_F009toF108/F051/csv/F051.csv,40대,Tall,Normal,Tall_Normal,Senior
F117,TS_F109toF208,F,47,169.3,83.1,110.8,98.5,102.2,20.한국인_전신_형상_및_치수_측정_데이터/01.데이터/1.Training/원천데이터/TS_F109toF208/F117/csv/F117.csv,40대,Tall,Heavy,Tall_Heavy,Senior
F342,TS_F309toF408,F,51,155.1,56.9,89.5,74.2,94.0,20.한국인_전신_형상_및_치수_측정_데이터/01.데이터/1.Training/원천데이터/TS_F309toF408/F342/csv/F342.csv,50대,Short,Light,Short_Light,Senior
F220,TS_F209toF308,F,48,164.6,56.5,83.0,69.9,94.8,20.한국인_전신_형상_및_치수_측정_데이터/01.데이터/1.Training/원천데이터/TS_F209toF308/F220/csv/F220.csv,40대,Medium,Light,Medium_Light,Senior
F282,TS_F209toF308,F,44,163.9,60.3,89.0,74.3,94.0,20.한국인_전신_형상_및_치수_측정_데이터/01.데이터/1.Training/원천데이터/TS_F209toF308/F282/csv/F282.csv,40대,Medium,Normal,Medium_Normal,Senior
F071,TS_F009toF108,F,48,166.5,90.1,103.3,89.7,109.2,20.한국인_전신_형상_및_치수_측정_데이터/01.데이터/1.Training/원천데이터/TS_F009toF108/F071/csv/F071.csv,40대,Medium,Heavy,Medium_Heavy,Senior
F156,TS_F109toF208,F,56,158.8,59.5,95.2,79.3,92.4,20.한국인_전신_형상_및_치수_측정_데이터/01.데이터/1.Training/원천데이터/TS_F109toF208/F156/csv/F156.csv,50대,Short,Normal,Short_Normal,Senior
F354,TS_F309toF408,F,74,153.8,79.5,108.5,101.3,112.0,20.한국인_전신_형상_및_치수_측정_데이터/01.데이터/1.Training/원천데이터/TS_F309toF408/F354/csv/F354.csv,60대이상,Short,Heavy,Short_Heavy,Senior
F093,TS_F009toF108,F,44,172.2,60.1,83.6,69.4,96.5,20.한국인_전신_형상_및_치수_측정_데이터/01.데이터/1.Training/원천데이터/TS_F009toF108/F093/csv/F093.csv,40대,Tall,Normal,Tall_Normal,Senior
F226,TS_F209toF308,F,50,162.9,54.7,87.0,77.5,92.6,20.한국인_전신_형상_및_치수_측정_데이터/01.데이터/1.Training/원천데이터/TS_F209toF308/F226/csv/F226.csv,50대,Medium,Light,Medium_Light,Senior
F145,TS_F109toF208,F,49,160.5,62.9,95.6,77.0,100.6,20.한국인_전신_형상_및_치수_측정_데이터/01.데이터/1.Training/원천데이터/TS_F109toF208/F145/csv/F145.csv,40대,Medium,Normal,Medium_Normal,Senior
F103,TS_F009toF108,F,53,162.5,76.6,101.0,90.5,105.5,20.한국인_전신_형상_및_치수_측정_데이터/01.데이터/1.Training/원천데이터/TS_F009toF108/F103/csv/F103.csv,50대,Medium,Heavy,Medium_Heavy,Senior
F013,TS_F009toF108,F,50,152.0,74.0,101.9,99.7,105.4,20.한국인_전신_형상_및_치수_측정_데이터/01.데이터/1.Training/원천데이터/TS_F009toF108/F013/csv/F013 - 측정데이터입력표.csv,50대,Short,Heavy,Short_Heavy,Senior
F313,TS_F309toF408,F,43,172.6,63.5,88.7,76.5,99.4,20.한국인_전신_형상_및_치수_측정_데이터/01.데이터/1.Training/원천데이터/TS_F309toF408/F313/csv/F313.csv,40대,Tall,Normal,Tall_Normal,Senior
F396,TS_F309toF408,F,49,159.1,53.6,84.3,71.4,88.2,20.한국인_전신_형상_및_치수_측정_데이터/01.데이터/1.Training/원천데이터/TS_F309toF408/F396/csv/F396.csv,40대,Short,Light,Short_Light,Senior
F369,TS_F309toF408,F,40,165.5,55.0,84.4,65.9,92.7,20.한국인_전신_형상_및_치수_측정_데이터/01.데이터/1.Training/원천데이터/TS_F309toF408/F369/csv/F369.csv,40대,Medium,Light,Medium_Light,Senior
F385,TS_F309toF408,F,63,160.5,64.7,93.7,78.6,99.1,20.한국인_전신_형상_및_치수_측정_데이터/01.데이터/1.Training/원천데이터/TS_F309toF408/F385/csv/F385.csv,60대이상,Medium,Normal,Medium_Normal,Senior
F017,TS_F009toF108,F,44,167.6,74.1,105.0,90.4,98.3,20.한국인_전신_형상_및_치수_측정_데이터/01.데이터/1.Training/원천데이터/TS_F009toF108/F017/csv/F017.csv,40대,Medium,Heavy,Medium_Heavy,Senior
F319,TS_F309toF408,F,55,163.7,55.7,88.2,72.3,90.5,20.한국인_전신_형상_및_치수_측정_데이터/01.데이터/1.Training/원천데이터/TS_F309toF408/F319/csv/F319.csv,50대,Medium,Light,Medium_Light,Senior
F123,TS_F109toF208,F,42,163.0,65.9,94.7,83.5,100.3,20.한국인_전신_형상_및_치수_측정_데이터/01.데이터/1.Training/원천데이터/TS_F109toF208/F123/csv/F123.csv,40대,Medium,Normal,Medium_Normal,Senior
F259,TS_F209toF308,F,61,161.0,71.8,106.6,94.1,100.7,20.한국인_전신_형상_및_치수_측정_데이터/01.데이터/1.Training/원천데이터/TS_F209toF308/F259/csv/F259.csv,60대이상,Medium,Heavy,Medium_Heavy,Senior
F020,TS_F009toF108,F,63,153.3,58.5,92.7,80.3,97.4,20.한국인_전신_형상_및_치수_측정_데이터/01.데이터/1.Training/원천데이터/TS_F009toF108/F020/csv/F020.csv,60대이상,Short,Normal,Short_Normal,Senior
F099,TS_F009toF108,F,55,158.5,71.4,101.5,94.4,105.0,20.한국인_전신_형상_및_치수_측정_데이터/01.데이터/1.Training/원천데이터/TS_F009toF108/F099/csv/F099.csv,50대,Short,Heavy,Short_Heavy,Senior
F241,TS_F209toF308,F,69,152.1,57.3,91.6,83.8,92.5,20.한국인_전신_형상_및_치수_측정_데이터/01.데이터/1.Training/원천데이터/TS_F209toF308/F241/csv/F241.csv,60대이상,Short,Light,Short_Light,Senior
F408,TS_F309toF408,F,53,163.1,56.3,85.3,71.0,95.2,20.한국인_전신_형상_및_치수_측정_데이터/01.데이터/1.Training/원천데이터/TS_F309toF408/F408/csv/F408.csv,50대,Medium,Light,Medium_Light,Senior
F075,TS_F009toF108,F,49,161.6,76.3,105.3,89.1,104.4,20.한국인_전신_형상_및_치수_측정_데이터/01.데이터/1.Training/원천데이터/TS_F009toF108/F075/csv/F075.csv,40대,Medium,Heavy,Medium_Heavy,Senior
F178,TS_F109toF208,F,50,156.1,65.8,93.5,83.4,96.0,20.한국인_전신_형상_및_치수_측정_데이터/01.데이터/1.Training/원천데이터/TS_F109toF208/F178/csv/F178.csv,50대,Short,Normal,Short_Normal,Senior
F223,TS_F209toF308,F,50,158.7,71.9,109.5,101.2,95.8,20.한국인_전신_형상_및_치수_측정_데이터/01.데이터/1.Training/원천데이터/TS_F209toF308/F223/csv/F223.csv,50대,Short,Heavy,Short_Heavy,Senior
